{"cameraMode":{"drawMode":0,"name":"Shaded","section":"Shading Mode"},"sceneLighting":false,"audioPlay":false,"sceneViewState":{"m_AlwaysRefresh":false,"showFog":true,"showSkybox":false,"showFlares":true,"showImageEffects":true,"showParticleSystems":true,"showVisualEffectGraphs":true,"m_FxEnabled":true},"in2DMode":false,"pivot":{"x":-0.010681480169296265,"y":0.4684767723083496,"z":0.012916356325149536},"rotation":{"x":-0.04197339341044426,"y":-0.026065601035952569,"z":0.0010953987948596478,"w":-0.9987794160842896},"size":0.5082800984382629,"orthographic":true}