{"cameraMode":{"drawMode":0,"name":"Shaded","section":"Shading Mode"},"sceneLighting":false,"audioPlay":false,"sceneViewState":{"showFog":true,"showMaterialUpdate":false,"showSkybox":false,"showFlares":true,"showImageEffects":true,"showParticleSystems":true},"in2DMode":false,"pivot":{"x":-0.0031423568725585939,"y":0.07055816054344177,"z":0.000001430511474609375},"rotation":{"x":-0.1479199379682541,"y":-0.021665748208761216,"z":0.00324255065061152,"w":-0.9887623190879822},"size":11.251410484313965,"orthographic":false}